Ano,Regiao,NrObitosInfantis,povoamento,PIB_per_capita
2016,Centro-Oeste,6.390557939914163,33.0737982832618,31205.93168457078
2016,Nordeste,6.406354515050167,96.68743032329989,10261.661422968997
2016,Norte,10.612472160356347,24.366636971046773,14651.461856240756
2016,Sudeste,6.128273381294964,210.4200659472422,23867.43360698136
2016,Sul,3.281144781144781,83.89607744107744,31523.78277741901
2017,Centro-Oeste,6.105150214592275,33.55304721030043,31690.96713631937
2017,Nordeste,6.398550724637682,97.35367892976589,11206.273695671283
2017,Norte,10.734966592427616,24.638574610244987,16265.681142258894
2017,Sudeste,6.670197841726618,212.00880695443647,25234.16569193
2017,Sul,3.393097643097643,84.5944276094276,32275.507093455573
2018,Centro-Oeste,6.225321888412017,34.40399141630901,33629.34510646698
2018,Nordeste,6.29654403567447,96.76551282051281,12053.81931779014
2018,Norte,10.89086859688196,24.97510022271715,17307.4358500905
2018,Sudeste,6.588021582733813,214.4509412470024,26402.441663368856
2018,Sul,3.308922558922559,85.31138888888889,34936.97219138688
2019,Centro-Oeste,6.124463519313305,34.96047210300429,34705.17625098208
2019,Nordeste,6.1438127090301,97.3699331103679,12659.471327901996
2019,Norte,10.538975501113585,25.242761692650333,18437.23066106212
2019,Sudeste,6.5490287769784175,216.22526978417267,27900.564269966384
2019,Sul,3.3223905723905722,86.08308922558923,36433.99950027987
2020,Centro-Oeste,5.532188841201717,35.505708154506436,43256.15441596674
2020,Nordeste,5.564659977703456,97.96608695652174,15289.902384367284
2020,Norte,9.752783964365257,25.505367483296215,23684.46887814662
2020,Sudeste,5.735311750599521,217.9567685851319,31051.35901666529
2020,Sul,2.8594276094276094,86.85063973063973,40792.469854886665
2021,Centro-Oeste,5.766094420600858,36.03545064377683,55587.95679745877
2021,Nordeste,5.59866220735786,98.54717948717949,19940.796885555632
2021,Norte,10.352678571428571,25.79732142857143,30627.49325594504
2021,Sudeste,5.769759903961584,213.51611644657862,38933.2568708684
2021,Sul,2.882996632996633,87.57914141414142,53440.637657445135
